Date,Value,Anomaly
189501,3.32,1.01
189502,1.41,-0.72
189503,1.99,-0.52
189504,1.99,-0.53
189505,2.88,-0.03
189506,2.95,0.02
189507,3,0.22
189508,2.53,-0.09
189509,1.58,-0.91
189510,1.08,-1.08
189511,2.29,0.06
189512,2.53,0.18
189601,2.4,0.09
189602,2.05,-0.08
189603,2.41,-0.1
189604,2.59,0.07
189605,2.96,0.05
189606,2.64,-0.29
189607,3.22,0.44
189608,2,-0.62
189609,2.78,0.29
189610,2.15,-0.01
189611,3.07,0.84
189612,1.5,-0.85
189701,2.39,0.08
189702,2.79,0.66
189703,3.62,1.11
189704,2.42,-0.1
189705,2.12,-0.79
189706,2.88,-0.05
189707,2.93,0.15
189708,2.3,-0.32
189709,1.57,-0.92
189710,1.83,-0.33
189711,2.29,0.06
189712,2.56,0.21
189801,2.43,0.12
189802,1.65,-0.48
189803,2.42,-0.09
189804,2.02,-0.5
189805,3.23,0.32
189806,3.07,0.14
189807,2.88,0.1
189808,3.06,0.44
189809,2.33,-0.16
189810,2.5,0.34
189811,2.26,0.03
189812,1.72,-0.63
189901,2.61,0.3
189902,2.28,0.15
189903,2.82,0.31
189904,1.78,-0.74
189905,2.74,-0.17
189906,2.97,0.04
189907,2.95,0.17
189908,2.26,-0.36
189909,1.54,-0.95
189910,2.41,0.25
189911,1.99,-0.24
189912,2.36,0.01
190001,1.74,-0.57
190002,2.52,0.39
190003,2.28,-0.23
190004,3.41,0.89
190005,2.45,-0.46
190006,3.03,0.1
190007,3.07,0.29
190008,2.42,-0.2
190009,2.93,0.44
190010,2.75,0.59
190011,2.37,0.14
190012,1.66,-0.69
190101,1.99,-0.32
190102,2.13,0
190103,2.29,-0.22
190104,2.53,0.01
190105,2.66,-0.25
190106,2.6,-0.33
190107,2.32,-0.46
190108,2.97,0.35
190109,2.58,0.09
190110,1.51,-0.65
190111,1.45,-0.78
190112,2.6,0.25
190201,1.45,-0.86
190202,2.56,0.43
190203,2.9,0.39
190204,1.85,-0.67
190205,3,0.09
190206,2.89,-0.04
190207,3.09,0.31
190208,2.3,-0.32
190209,2.74,0.25
190210,1.93,-0.23
190211,2.99,0.76
190212,2.93,0.58
190301,2.27,-0.04
190302,3.03,0.9
190303,3.01,0.5
190304,1.99,-0.53
190305,3.01,0.1
190306,2.88,-0.05
190307,2.97,0.19
190308,3.04,0.42
190309,2.12,-0.37
190310,1.77,-0.39
190311,1.83,-0.4
190312,1.44,-0.91
190401,1.81,-0.5
190402,2.43,0.3
190403,3.1,0.59
190404,2.12,-0.4
190405,2.59,-0.32
190406,3.11,0.18
190407,2.93,0.15
190408,2.69,0.07
190409,2.33,-0.16
190410,1.66,-0.5
190411,1.02,-1.21
190412,2.16,-0.19
190501,2.18,-0.13
190502,2.35,0.22
190503,2.94,0.43
190504,2.8,0.28
190505,3.74,0.83
190506,3.3,0.37
190507,3.52,0.74
190508,2.54,-0.08
190509,2.57,0.08
190510,2.17,0.01
190511,2.19,-0.04
190512,2.3,-0.05
190601,2.53,0.22
190602,1.72,-0.41
190603,3.26,0.75
190604,2.08,-0.44
190605,3.16,0.25
190606,3.04,0.11
190607,3.3,0.52
190608,3.39,0.77
190609,2.91,0.42
190610,2.08,-0.08
190611,2.49,0.26
190612,2.88,0.53
190701,2.75,0.44
190702,1.82,-0.31
190703,2.45,-0.06
190704,2.32,-0.2
190705,3.45,0.54
190706,3.12,0.19
190707,3,0.22
190708,2.55,-0.07
190709,2.51,0.02
190710,2.03,-0.13
190711,2.25,0.02
190712,2.69,0.34
190801,1.82,-0.49
190802,2.81,0.68
190803,2.18,-0.33
190804,2.69,0.17
190805,4.13,1.22
190806,3.02,0.09
190807,3.01,0.23
190808,2.88,0.26
190809,1.83,-0.66
190810,2.03,-0.13
190811,1.67,-0.56
190812,1.73,-0.62
190901,2.74,0.43
190902,2.88,0.75
190903,2.21,-0.3
190904,2.28,-0.24
190905,3.04,0.13
190906,3.23,0.3
190907,3.03,0.25
190908,2.41,-0.21
190909,2.28,-0.21
190910,1.54,-0.62
190911,2.95,0.72
190912,2.6,0.25
191001,2.15,-0.16
191002,2.11,-0.02
191003,1.02,-1.49
191004,2.06,-0.46
191005,2.59,-0.32
191006,2.48,-0.45
191007,2.59,-0.19
191008,2.25,-0.37
191009,2.17,-0.32
191010,2.04,-0.12
191011,1.76,-0.47
191012,1.69,-0.66
191101,2.44,0.13
191102,2.13,0
191103,1.71,-0.8
191104,2.85,0.33
191105,1.97,-0.94
191106,2.2,-0.73
191107,2.86,0.08
191108,3.06,0.44
191109,2.75,0.26
191110,2.49,0.33
191111,2.11,-0.12
191112,2.95,0.6
191201,1.95,-0.36
191202,1.9,-0.23
191203,3.39,0.88
191204,3.34,0.82
191205,2.89,-0.02
191206,2.71,-0.22
191207,2.99,0.21
191208,3.05,0.43
191209,2.51,0.02
191210,2.13,-0.03
191211,1.52,-0.71
191212,2.1,-0.25
191301,2.87,0.56
191302,1.9,-0.23
191303,2.99,0.48
191304,2.05,-0.47
191305,2.51,-0.4
191306,2.71,-0.22
191307,2.64,-0.14
191308,1.9,-0.72
191309,3.13,0.64
191310,2.52,0.36
191311,2.31,0.08
191312,2.31,-0.04
191401,2.5,0.19
191402,2.08,-0.05
191403,1.85,-0.66
191404,2.73,0.21
191405,2.48,-0.43
191406,2.85,-0.08
191407,2.45,-0.33
191408,3.17,0.55
191409,2.18,-0.31
191410,2.51,0.35
191411,1.51,-0.72
191412,2.5,0.15
191501,2.75,0.44
191502,2.77,0.64
191503,1.51,-1
191504,2.32,-0.2
191505,3.89,0.98
191506,3.18,0.25
191507,3.57,0.79
191508,3.43,0.81
191509,2.77,0.28
191510,1.85,-0.31
191511,2.1,-0.13
191512,2.63,0.28
191601,3.79,1.48
191602,1.77,-0.36
191603,2.13,-0.38
191604,2.09,-0.43
191605,2.88,-0.03
191606,3.24,0.31
191607,3.22,0.44
191608,2.53,-0.09
191609,1.98,-0.51
191610,2.1,-0.06
191611,1.51,-0.72
191612,2.18,-0.17
191701,2.19,-0.12
191702,1.81,-0.32
191703,2.48,-0.03
191704,2.68,0.16
191705,2.64,-0.27
191706,2.44,-0.49
191707,2.51,-0.27
191708,2.44,-0.18
191709,2.17,-0.32
191710,1.38,-0.78
191711,0.95,-1.28
191712,1.66,-0.69
191801,2.41,0.1
191802,1.72,-0.41
191803,1.85,-0.66
191804,2.82,0.3
191805,2.59,-0.32
191806,2.25,-0.68
191807,2.33,-0.45
191808,2.47,-0.15
191809,2.44,-0.05
191810,2.92,0.76
191811,2.32,0.09
191812,2.66,0.31
191901,1.91,-0.4
191902,2.64,0.51
191903,2.71,0.2
191904,2.41,-0.11
191905,3.2,0.29
191906,2.97,0.04
191907,3.04,0.26
191908,2.48,-0.14
191909,2.34,-0.15
191910,3.45,1.29
191911,2.8,0.57
191912,1.81,-0.54
192001,2.21,-0.1
192002,1.61,-0.52
192003,2.78,0.27
192004,3.3,0.78
192005,2.79,-0.12
192006,2.89,-0.04
192007,2.7,-0.08
192008,3.4,0.78
192009,2.44,-0.05
192010,2.17,0.01
192011,2.26,0.03
192012,2.75,0.4
192101,2.11,-0.2
192102,1.77,-0.36
192103,2.52,0.01
192104,2.79,0.27
192105,2.55,-0.36
192106,2.9,-0.03
192107,2.86,0.08
192108,2.6,-0.02
192109,2.57,0.08
192110,1.46,-0.7
192111,2.41,0.18
192112,2.24,-0.11
192201,2.03,-0.28
192202,2.44,0.31
192203,3.46,0.95
192204,3.08,0.56
192205,3.11,0.2
192206,2.7,-0.23
192207,2.89,0.11
192208,2.23,-0.39
192209,1.47,-1.02
192210,1.73,-0.43
192211,2.08,-0.15
192212,2.67,0.32
192301,2.44,0.13
192302,1.86,-0.27
192303,2.42,-0.09
192304,2.84,0.32
192305,3.13,0.22
192306,3.3,0.37
192307,2.7,-0.08
192308,2.92,0.3
192309,2.83,0.34
192310,2.53,0.37
192311,1.88,-0.35
192312,2.83,0.48
192401,2,-0.31
192402,1.83,-0.3
192403,2.22,-0.29
192404,2.26,-0.26
192405,2.42,-0.49
192406,2.77,-0.16
192407,2.37,-0.41
192408,2.21,-0.41
192409,2.92,0.43
192410,1.53,-0.63
192411,1.37,-0.86
192412,2.62,0.27
192501,2.29,-0.02
192502,1.78,-0.35
192503,1.56,-0.95
192504,2.1,-0.42
192505,1.92,-0.99
192506,2.91,-0.02
192507,2.65,-0.13
192508,2.06,-0.56
192509,2.88,0.39
192510,2.99,0.83
192511,2.16,-0.07
192512,1.66,-0.69
192601,2.36,0.05
192602,2.05,-0.08
192603,2.31,-0.2
192604,2.18,-0.34
192605,2.21,-0.7
192606,2.49,-0.44
192607,2.86,0.08
192608,3.22,0.6
192609,3.23,0.74
192610,2.49,0.33
192611,2.87,0.64
192612,2.67,0.32
192701,1.77,-0.54
192702,2.72,0.59
192703,2.59,0.08
192704,3.05,0.53
192705,2.99,0.08
192706,3.12,0.19
192707,2.84,0.06
192708,2.72,0.1
192709,2.48,-0.01
192710,2.35,0.19
192711,2.75,0.52
192712,2.68,0.33
192801,1.28,-1.03
192802,1.84,-0.29
192803,2.39,-0.12
192804,2.92,0.4
192805,2.34,-0.57
192806,4.28,1.35
192807,3.07,0.29
192808,3.15,0.53
192809,2.11,-0.38
192810,2.23,0.07
192811,2.15,-0.08
192812,1.74,-0.61
192901,2.36,0.05
192902,2.02,-0.11
192903,2.81,0.3
192904,2.93,0.41
192905,3.51,0.6
192906,2.63,-0.3
192907,2.57,-0.21
192908,1.8,-0.82
192909,2.75,0.26
192910,2.6,0.44
192911,1.96,-0.27
192912,2.21,-0.14
193001,2.58,0.27
193002,1.74,-0.39
193003,1.98,-0.53
193004,1.83,-0.69
193005,3.17,0.26
193006,2.33,-0.6
193007,1.79,-0.99
193008,1.96,-0.66
193009,2.33,-0.16
193010,2.31,0.15
193011,2.28,0.05
193012,1.28,-1.07
193101,1.56,-0.75
193102,1.84,-0.29
193103,2.31,-0.2
193104,2.07,-0.45
193105,2.29,-0.62
193106,2.14,-0.79
193107,2.71,-0.07
193108,2.72,0.1
193109,2.06,-0.43
193110,1.9,-0.26
193111,2.54,0.31
193112,3.38,1.03
193201,3.25,0.94
193202,2.23,0.1
193203,2.31,-0.2
193204,2.14,-0.38
193205,2.42,-0.49
193206,3.06,0.13
193207,2.6,-0.18
193208,2.85,0.23
193209,2.16,-0.33
193210,2.48,0.32
193211,2.02,-0.21
193212,2.92,0.57
193301,2.25,-0.06
193302,1.94,-0.19
193303,2.47,-0.04
193304,2.54,0.02
193305,3.39,0.48
193306,1.45,-1.48
193307,2.83,0.05
193308,2.86,0.24
193309,2.4,-0.09
193310,1.66,-0.5
193311,1.05,-1.18
193312,2.66,0.31
193401,1.82,-0.49
193402,1.65,-0.48
193403,2.34,-0.17
193404,1.77,-0.75
193405,1.81,-1.1
193406,2.59,-0.34
193407,2.07,-0.71
193408,2.26,-0.36
193409,2.87,0.38
193410,1.69,-0.47
193411,3,0.77
193412,1.92,-0.43
193501,2.4,0.09
193502,1.7,-0.43
193503,2.74,0.23
193504,2.73,0.21
193505,3.72,0.81
193506,3.19,0.26
193507,2.65,-0.13
193508,2.46,-0.16
193509,2.46,-0.03
193510,1.62,-0.54
193511,2.04,-0.19
193512,1.77,-0.58
193601,2.88,0.57
193602,2.62,0.49
193603,2.1,-0.41
193604,2,-0.52
193605,2.25,-0.66
193606,1.91,-1.02
193607,2.31,-0.47
193608,2.21,-0.41
193609,2.99,0.5
193610,2.08,-0.08
193611,1.14,-1.09
193612,2.79,0.44
193701,3.65,1.34
193702,2.22,0.09
193703,2.15,-0.36
193704,2.68,0.16
193705,2.33,-0.58
193706,3.11,0.18
193707,2.62,-0.16
193708,2.55,-0.07
193709,2,-0.49
193710,2.61,0.45
193711,2.16,-0.07
193712,2.43,0.08
193801,2.11,-0.2
193802,2.41,0.28
193803,3.3,0.79
193804,2.69,0.17
193805,3.24,0.33
193806,3.12,0.19
193807,3.34,0.56
193808,2.06,-0.56
193809,2.45,-0.04
193810,1.3,-0.86
193811,2.01,-0.22
193812,1.71,-0.64
193901,2.49,0.18
193902,2.93,0.8
193903,2.07,-0.44
193904,2.16,-0.36
193905,2.2,-0.71
193906,3.32,0.39
193907,2.36,-0.42
193908,2.71,0.09
193909,1.62,-0.87
193910,1.6,-0.56
193911,0.99,-1.24
193912,1.88,-0.47
194001,1.93,-0.38
194002,2.98,0.85
194003,2.27,-0.24
194004,3.04,0.52
194005,2.22,-0.69
194006,2.98,0.05
194007,2.5,-0.28
194008,2.97,0.35
194009,2,-0.49
194010,1.77,-0.39
194011,2.91,0.68
194012,2.84,0.49
194101,2.08,-0.23
194102,1.77,-0.36
194103,2.09,-0.42
194104,3.01,0.49
194105,2.67,-0.24
194106,3.8,0.87
194107,3.15,0.37
194108,2.78,0.16
194109,3.16,0.67
194110,3.77,1.61
194111,1.72,-0.51
194112,2.81,0.46
194201,1.58,-0.73
194202,2,-0.13
194203,2.46,-0.05
194204,2.84,0.32
194205,3.16,0.25
194206,3.46,0.53
194207,2.52,-0.26
194208,3.16,0.54
194209,2.7,0.21
194210,2.1,-0.06
194211,2.35,0.12
194212,3,0.65
194301,2.23,-0.08
194302,1.25,-0.88
194303,2.88,0.37
194304,2.13,-0.39
194305,3.39,0.48
194306,3.27,0.34
194307,2.57,-0.21
194308,2.12,-0.5
194309,1.89,-0.6
194310,1.9,-0.26
194311,1.44,-0.79
194312,1.74,-0.61
194401,1.88,-0.43
194402,2.66,0.53
194403,3.03,0.52
194404,3.3,0.78
194405,3,0.09
194406,3.01,0.08
194407,2.31,-0.47
194408,2.96,0.34
194409,2.39,-0.1
194410,1.34,-0.82
194411,2.68,0.45
194412,2.06,-0.29
194501,1.8,-0.51
194502,2.75,0.62
194503,3.12,0.61
194504,3.05,0.53
194505,2.87,-0.04
194506,3.41,0.48
194507,3.05,0.27
194508,2.6,-0.02
194509,3.44,0.95
194510,2,-0.16
194511,2.24,0.01
194512,2.7,0.35
194601,2.54,0.23
194602,2.06,-0.07
194603,2.67,0.16
194604,1.66,-0.86
194605,3.75,0.84
194606,2.88,-0.05
194607,2.57,-0.21
194608,2.58,-0.04
194609,2.64,0.15
194610,2.72,0.56
194611,3.08,0.85
194612,1.94,-0.41
194701,2.43,0.12
194702,1.03,-1.1
194703,2.27,-0.24
194704,3.01,0.49
194705,3.19,0.28
194706,3.83,0.9
194707,1.99,-0.79
194708,2.39,-0.23
194709,2.16,-0.33
194710,2.28,0.12
194711,2.78,0.55
194712,1.99,-0.36
194801,1.98,-0.33
194802,2.54,0.41
194803,3,0.49
194804,2.54,0.02
194805,2.77,-0.14
194806,3.23,0.3
194807,3.06,0.28
194808,2.24,-0.38
194809,1.81,-0.68
194810,1.54,-0.62
194811,3.39,1.16
194812,2.59,0.24
194901,3.16,0.85
194902,2.4,0.27
194903,2.47,-0.04
194904,2.09,-0.43
194905,2.98,0.07
194906,3.2,0.27
194907,3.08,0.3
194908,2.49,-0.13
194909,2.22,-0.27
194910,2.8,0.64
194911,1.19,-1.04
194912,2.22,-0.13
195001,3.36,1.05
195002,2.23,0.1
195003,2.49,-0.02
195004,2.08,-0.44
195005,2.88,-0.03
195006,2.8,-0.13
195007,3.86,1.08
195008,2.55,-0.07
195009,2.69,0.2
195010,1.9,-0.26
195011,2.1,-0.13
195012,1.93,-0.42
195101,2.34,0.03
195102,2.27,0.14
195103,2.6,0.09
195104,2.35,-0.17
195105,2.37,-0.54
195106,3.44,0.51
195107,2.85,0.07
195108,2.61,-0.01
195109,2.57,0.08
195110,2.3,0.14
195111,2.43,0.2
195112,3.12,0.77
195201,2.44,0.13
195202,2,-0.13
195203,2.93,0.42
195204,2.4,-0.12
195205,2.69,-0.22
195206,2.2,-0.73
195207,2.39,-0.39
195208,2.62,0
195209,1.53,-0.96
195210,0.54,-1.62
195211,2.15,-0.08
195212,2.45,0.1
195301,2.64,0.33
195302,2.06,-0.07
195303,2.61,0.1
195304,2.96,0.44
195305,3.26,0.35
195306,2.54,-0.39
195307,2.65,-0.13
195308,2.29,-0.33
195309,1.5,-0.99
195310,1.51,-0.65
195311,1.79,-0.44
195312,2.5,0.15
195401,2.54,0.23
195402,1.49,-0.64
195403,2.16,-0.35
195404,2.4,-0.12
195405,2.69,-0.22
195406,2.5,-0.43
195407,2.01,-0.77
195408,2.52,-0.1
195409,1.95,-0.54
195410,2.35,0.19
195411,1.54,-0.69
195412,2,-0.35
195501,1.69,-0.62
195502,2.22,0.09
195503,1.98,-0.53
195504,2.49,-0.03
195505,2.92,0.01
195506,2.47,-0.46
195507,2.92,0.14
195508,2.74,0.12
195509,2.11,-0.38
195510,2.04,-0.12
195511,1.92,-0.31
195512,2.24,-0.11
195601,2.27,-0.04
195602,2.62,0.49
195603,1.82,-0.69
195604,2.07,-0.45
195605,2.6,-0.31
195606,2.21,-0.72
195607,2.78,0
195608,2.21,-0.41
195609,1.44,-1.05
195610,2,-0.16
195611,1.36,-0.87
195612,2,-0.35
195701,2.13,-0.18
195702,2.08,-0.05
195703,2.51,0
195704,3.65,1.13
195705,4.24,1.33
195706,3.65,0.72
195707,2.28,-0.5
195708,2.19,-0.43
195709,2.86,0.37
195710,2.76,0.6
195711,3.12,0.89
195712,2.4,0.05
195801,2.29,-0.02
195802,2.43,0.3
195803,2.66,0.15
195804,3.05,0.53
195805,2.46,-0.45
195806,3.2,0.27
195807,3.86,1.08
195808,2.4,-0.22
195809,2.82,0.33
195810,1.53,-0.63
195811,2.21,-0.02
195812,1.32,-1.03
195901,2.19,-0.12
195902,2.35,0.22
195903,2.14,-0.37
195904,2.14,-0.38
195905,3.2,0.29
195906,2.62,-0.31
195907,2.94,0.16
195908,2.76,0.14
195909,2.82,0.33
195910,3.5,1.34
195911,1.72,-0.51
195912,2.22,-0.13
196001,2.26,-0.05
196002,2.59,0.46
196003,2.12,-0.39
196004,2.15,-0.37
196005,2.87,-0.04
196006,2.69,-0.24
196007,2.68,-0.1
196008,2.83,0.21
196009,2.21,-0.28
196010,2.4,0.24
196011,2.05,-0.18
196012,1.9,-0.45
196101,1.48,-0.83
196102,2.78,0.65
196103,3.16,0.65
196104,2.3,-0.22
196105,2.88,-0.03
196106,2.92,-0.01
196107,3.11,0.33
196108,2.62,0
196109,2.94,0.45
196110,1.78,-0.38
196111,2.59,0.36
196112,2.69,0.34
196201,2.21,-0.1
196202,2.55,0.42
196203,2.15,-0.36
196204,2.1,-0.42
196205,2.69,-0.22
196206,3.21,0.28
196207,2.91,0.13
196208,2.04,-0.58
196209,2.78,0.29
196210,2.33,0.17
196211,2.05,-0.18
196212,1.58,-0.77
196301,1.57,-0.74
196302,1.73,-0.4
196303,2.47,-0.04
196304,2.3,-0.22
196305,2.36,-0.55
196306,2.94,0.01
196307,2.69,-0.09
196308,2.33,-0.29
196309,2.21,-0.28
196310,0.96,-1.2
196311,2.66,0.43
196312,1.48,-0.87
196401,2.43,0.12
196402,1.56,-0.57
196403,2.83,0.32
196404,3.29,0.77
196405,2.25,-0.66
196406,2.81,-0.12
196407,2.61,-0.17
196408,2.87,0.25
196409,2.54,0.05
196410,1.36,-0.8
196411,2.38,0.15
196412,3.33,0.98
196501,2.34,0.03
196502,2.16,0.03
196503,2.16,-0.35
196504,2.52,0
196505,2.71,-0.2
196506,3.24,0.31
196507,2.73,-0.05
196508,2.8,0.18
196509,3.53,1.04
196510,1.45,-0.71
196511,2,-0.23
196512,2.16,-0.19
196601,2.36,0.05
196602,2.34,0.21
196603,1.61,-0.9
196604,2.49,-0.03
196605,2.24,-0.67
196606,2.24,-0.69
196607,2.41,-0.37
196608,3.11,0.49
196609,2.44,-0.05
196610,1.67,-0.49
196611,2.01,-0.22
196612,2.54,0.19
196701,2.15,-0.16
196702,1.42,-0.71
196703,1.92,-0.59
196704,2.67,0.15
196705,2.96,0.05
196706,3.58,0.65
196707,2.89,0.11
196708,2.51,-0.11
196709,2.49,0
196710,2.34,0.18
196711,1.61,-0.62
196712,3.06,0.71
196801,2.17,-0.14
196802,1.48,-0.65
196803,2.16,-0.35
196804,2.46,-0.06
196805,3.33,0.42
196806,3.12,0.19
196807,2.77,-0.01
196808,2.88,0.26
196809,2.31,-0.18
196810,2.07,-0.09
196811,2.82,0.59
196812,2.82,0.47
196901,3.01,0.7
196902,2.23,0.1
196903,1.89,-0.62
196904,2.6,0.08
196905,2.66,-0.25
196906,3.31,0.38
196907,3.09,0.31
196908,2.31,-0.31
196909,2.3,-0.19
196910,2.7,0.54
196911,1.59,-0.64
196912,2.94,0.59
197001,2.09,-0.22
197002,1.63,-0.5
197003,2.68,0.17
197004,2.78,0.26
197005,2.61,-0.3
197006,2.77,-0.16
197007,2.41,-0.37
197008,2.37,-0.25
197009,3.06,0.57
197010,2.88,0.72
197011,2.2,-0.03
197012,2.22,-0.13
197101,2.03,-0.28
197102,2.37,0.24
197103,2.08,-0.43
197104,1.86,-0.66
197105,2.92,0.01
197106,2.53,-0.4
197107,3,0.22
197108,2.75,0.13
197109,2.83,0.34
197110,2.73,0.57
197111,2.03,-0.2
197112,3.2,0.85
197201,2.33,0.02
197202,1.8,-0.33
197203,2.13,-0.38
197204,2.26,-0.26
197205,2.95,0.04
197206,3.1,0.17
197207,2.93,0.15
197208,2.64,0.02
197209,2.74,0.25
197210,2.75,0.59
197211,3.05,0.82
197212,3.02,0.67
197301,2.48,0.17
197302,1.96,-0.17
197303,4,1.49
197304,3.33,0.81
197305,3.03,0.12
197306,3.05,0.12
197307,2.96,0.18
197308,2.06,-0.56
197309,3.46,0.97
197310,2.37,0.21
197311,3.17,0.94
197312,3.09,0.74
197401,3.15,0.84
197402,1.68,-0.45
197403,2.63,0.12
197404,2.55,0.03
197405,3.07,0.16
197406,2.64,-0.29
197407,2.14,-0.64
197408,3.43,0.81
197409,2.72,0.23
197410,2.01,-0.15
197411,2.18,-0.05
197412,2.42,0.07
197501,2.61,0.3
197502,2.61,0.48
197503,3.4,0.89
197504,2.67,0.15
197505,3.28,0.37
197506,3.31,0.38
197507,2.97,0.19
197508,2.83,0.21
197509,2.66,0.17
197510,2.3,0.14
197511,2.28,0.05
197512,2.11,-0.24
197601,1.76,-0.55
197602,1.89,-0.24
197603,2.57,0.06
197604,2.29,-0.23
197605,2.93,0.02
197606,2.77,-0.16
197607,2.74,-0.04
197608,2,-0.62
197609,2.45,-0.04
197610,2.44,0.28
197611,1.11,-1.12
197612,1.36,-0.99
197701,1.58,-0.73
197702,1.23,-0.9
197703,3.1,0.59
197704,2.27,-0.25
197705,2.67,-0.24
197706,2.49,-0.44
197707,2.56,-0.22
197708,3.55,0.93
197709,3.22,0.73
197710,2.19,0.03
197711,2.86,0.63
197712,2.72,0.37
197801,3.18,0.87
197802,1.77,-0.36
197803,2.26,-0.25
197804,2.54,0.02
197805,3.64,0.73
197806,2.55,-0.38
197807,2.75,-0.03
197808,2.77,0.15
197809,2.44,-0.05
197810,1.11,-1.05
197811,2.6,0.37
197812,2.53,0.18
197901,3.31,1
197902,2.6,0.47
197903,2.8,0.29
197904,3.07,0.55
197905,3.23,0.32
197906,2.54,-0.39
197907,3.3,0.52
197908,2.99,0.37
197909,2.51,0.02
197910,2.2,0.04
197911,2.34,0.11
197912,1.86,-0.49
198001,2.65,0.34
198002,1.92,-0.21
198003,3.39,0.88
198004,2.38,-0.14
198005,3.09,0.18
198006,2.31,-0.62
198007,1.97,-0.81
198008,2.57,-0.05
198009,2.79,0.3
198010,1.87,-0.29
198011,1.76,-0.47
198012,1.57,-0.78
198101,0.98,-1.33
198102,2.17,0.04
198103,2.21,-0.3
198104,2.19,-0.33
198105,3.55,0.64
198106,3.41,0.48
198107,3.09,0.31
198108,2.76,0.14
198109,2.08,-0.41
198110,3.1,0.94
198111,2.01,-0.22
198112,2.41,0.06
198201,2.84,0.53
198202,2.23,0.1
198203,2.51,0
198204,2.52,0
198205,3.42,0.51
198206,3.31,0.38
198207,2.95,0.17
198208,2.55,-0.07
198209,2.45,-0.04
198210,2.33,0.17
198211,2.99,0.76
198212,3.76,1.41
198301,2.08,-0.23
198302,2.68,0.55
198303,3.7,1.19
198304,3.2,0.68
198305,3.47,0.56
198306,2.95,0.02
198307,2.08,-0.7
198308,2.37,-0.25
198309,2.26,-0.23
198310,2.61,0.45
198311,3.92,1.69
198312,3.44,1.09
198401,1.35,-0.96
198402,2.11,-0.02
198403,2.75,0.24
198404,2.95,0.43
198405,3.15,0.24
198406,2.93,0
198407,2.83,0.05
198408,2.43,-0.19
198409,1.91,-0.58
198410,3.65,1.49
198411,2.85,0.62
198412,2.49,0.14
198501,1.42,-0.89
198502,2.1,-0.03
198503,2.48,-0.03
198504,1.97,-0.55
198505,2.55,-0.36
198506,2.62,-0.31
198507,2.72,-0.06
198508,2.93,0.31
198509,3,0.51
198510,3.18,1.02
198511,3.54,1.31
198512,1.46,-0.89
198601,1.45,-0.86
198602,2.82,0.69
198603,1.98,-0.53
198604,2.24,-0.28
198605,2.95,0.04
198606,3.03,0.1
198607,2.75,-0.03
198608,2.82,0.2
198609,3.59,1.1
198610,2.81,0.65
198611,2.94,0.71
198612,2,-0.35
198701,2.17,-0.14
198702,2.33,0.2
198703,2.67,0.16
198704,1.46,-1.06
198705,3.24,0.33
198706,2.81,-0.12
198707,2.83,0.05
198708,2.74,0.12
198709,2.19,-0.3
198710,1.15,-1.01
198711,2.55,0.32
198712,2.87,0.52
198801,1.97,-0.34
198802,1.52,-0.61
198803,2.04,-0.47
198804,2.32,-0.2
198805,2.07,-0.84
198806,1.61,-1.32
198807,2.7,-0.08
198808,2.57,-0.05
198809,2.81,0.32
198810,1.43,-0.73
198811,3.17,0.94
198812,1.69,-0.66
198901,2.05,-0.26
198902,2.01,-0.12
198903,2.91,0.4
198904,1.79,-0.73
198905,3.26,0.35
198906,3.8,0.87
198907,2.86,0.08
198908,2.73,0.11
198909,2.68,0.19
198910,1.89,-0.27
198911,1.73,-0.5
198912,1.34,-1.01
199001,2.79,0.48
199002,2.68,0.55
199003,2.71,0.2
199004,2.49,-0.03
199005,3.83,0.92
199006,2.5,-0.43
199007,2.94,0.16
199008,2.65,0.03
199009,2.04,-0.45
199010,2.76,0.6
199011,2.09,-0.14
199012,2.69,0.34
199101,2.37,0.06
199102,1.64,-0.49
199103,3.33,0.82
199104,3.35,0.83
199105,3.72,0.81
199106,2.84,-0.09
199107,2.7,-0.08
199108,2.6,-0.02
199109,2.53,0.04
199110,2.1,-0.06
199111,2.49,0.26
199112,2.77,0.42
199201,2.08,-0.23
199202,2.32,0.19
199203,2.51,0
199204,2.06,-0.46
199205,2.29,-0.62
199206,3.39,0.46
199207,3.65,0.87
199208,2.9,0.28
199209,2.33,-0.16
199210,1.67,-0.49
199211,3.27,1.04
199212,2.79,0.44
199301,3.2,0.89
199302,2.18,0.05
199303,2.85,0.34
199304,2.92,0.4
199305,2.94,0.03
199306,3.61,0.68
199307,3.3,0.52
199308,2.77,0.15
199309,2.58,0.09
199310,2.19,0.03
199311,2.12,-0.11
199312,1.96,-0.39
199401,2.24,-0.07
199402,2.15,0.02
199403,2.36,-0.15
199404,2.82,0.3
199405,2.43,-0.48
199406,2.9,-0.03
199407,3.09,0.31
199408,2.54,-0.08
199409,2.14,-0.35
199410,2.86,0.7
199411,2.9,0.67
199412,2.19,-0.16
199501,3.18,0.87
199502,1.6,-0.53
199503,2.99,0.48
199504,2.83,0.31
199505,4.1,1.19
199506,3.23,0.3
199507,2.65,-0.13
199508,2.66,0.04
199509,2.2,-0.29
199510,2.63,0.47
199511,2.37,0.14
199512,2.25,-0.1
199601,2.82,0.51
199602,1.89,-0.24
199603,2.24,-0.27
199604,2.56,0.04
199605,3.32,0.41
199606,2.87,-0.06
199607,3.12,0.34
199608,2.66,0.04
199609,3.44,0.95
199610,2.49,0.33
199611,3,0.77
199612,3.29,0.94
199701,2.81,0.5
199702,2.39,0.26
199703,2.44,-0.07
199704,2.99,0.47
199705,2.78,-0.13
199706,3.4,0.47
199707,2.71,-0.07
199708,2.68,0.06
199709,2.54,0.05
199710,2.52,0.36
199711,2.29,0.06
199712,2.31,-0.04
199801,3.36,1.05
199802,3.32,1.19
199803,3.23,0.72
199804,2.57,0.05
199805,2.62,-0.29
199806,3.32,0.39
199807,2.86,0.08
199808,2.42,-0.2
199809,2.51,0.02
199810,2.97,0.81
199811,2.63,0.4
199812,2.08,-0.27
199901,3.13,0.82
199902,1.92,-0.21
199903,2.19,-0.32
199904,2.87,0.35
199905,2.91,0
199906,3.31,0.38
199907,2.58,-0.2
199908,2.3,-0.32
199909,2.52,0.03
199910,1.57,-0.59
199911,1.44,-0.79
199912,1.73,-0.62
200001,2.14,-0.17
200002,2.12,-0.01
200003,2.44,-0.07
200004,2.32,-0.2
200005,2.66,-0.25
200006,3.45,0.52
200007,2.3,-0.48
200008,1.91,-0.71
200009,2.18,-0.31
200010,2.26,0.1
200011,2.73,0.5
200012,1.71,-0.64
200101,1.85,-0.46
200102,2.21,0.08
200103,2.57,0.06
200104,2.1,-0.42
200105,2.78,-0.13
200106,3.12,0.19
200107,2.72,-0.06
200108,2.41,-0.21
200109,2.45,-0.04
200110,2.06,-0.1
200111,2.39,0.16
200112,2.36,0.01
200201,2.01,-0.3
200202,1.32,-0.81
200203,2.59,0.08
200204,2.26,-0.26
200205,2.64,-0.27
200206,2.56,-0.37
200207,2.6,-0.18
200208,2.4,-0.22
200209,2.72,0.23
200210,3.01,0.85
200211,1.94,-0.29
200212,3,0.65
200301,1.33,-0.98
200302,2.57,0.44
200303,2.48,-0.03
200304,2.63,0.11
200305,3.27,0.36
200306,3.45,0.52
200307,2.64,-0.14
200308,2.56,-0.06
200309,2.82,0.33
200310,1.83,-0.33
200311,2.55,0.32
200312,2.38,0.03
200401,1.97,-0.34
200402,2.45,0.32
200403,2.01,-0.5
200404,2.5,-0.02
200405,3.34,0.43
200406,3.51,0.58
200407,3.05,0.27
200408,3.04,0.42
200409,2.98,0.49
200410,3.04,0.88
200411,3.18,0.95
200412,2.18,-0.17
200501,2.7,0.39
200502,2.06,-0.07
200503,2.34,-0.17
200504,2.57,0.05
200505,2.76,-0.15
200506,3.14,0.21
200507,2.7,-0.08
200508,2.99,0.37
200509,1.94,-0.55
200510,2.37,0.21
200511,2.22,-0.01
200512,2.29,-0.06
200601,2.61,0.3
200602,1.52,-0.61
200603,2.31,-0.2
200604,2.54,0.02
200605,2.29,-0.62
200606,2.56,-0.37
200607,2.46,-0.32
200608,2.8,0.18
200609,2.8,0.31
200610,2.9,0.74
200611,2.46,0.23
200612,2.57,0.22
200701,2.22,-0.09
200702,1.76,-0.37
200703,2.31,-0.2
200704,2.49,-0.03
200705,2.75,-0.16
200706,2.91,-0.02
200707,2.88,0.1
200708,2.6,-0.02
200709,2.17,-0.32
200710,2.72,0.56
200711,1.4,-0.83
200712,2.97,0.62
200801,2.21,-0.1
200802,2.47,0.34
200803,2.52,0.01
200804,2.54,0.02
200805,3,0.09
200806,3,0.07
200807,2.8,0.02
200808,3.05,0.43
200809,2.68,0.19
200810,2.18,0.02
200811,1.95,-0.28
200812,2.84,0.49
200901,1.6,-0.71
200902,1.55,-0.58
200903,2.7,0.19
200904,2.83,0.31
200905,3.31,0.4
200906,3.01,0.08
200907,3.07,0.29
200908,2.69,0.07
200909,2.54,0.05
200910,4.29,2.13
200911,1.63,-0.6
200912,3.08,0.73
201001,2.62,0.31
201002,2.01,-0.12
201003,2.3,-0.21
201004,2.38,-0.14
201005,3.32,0.41
201006,3.49,0.56
201007,3.32,0.54
201008,2.51,-0.11
201009,2.78,0.29
201010,1.97,-0.19
201011,2.22,-0.01
201012,2.45,0.1
201101,1.65,-0.66
201102,1.98,-0.15
201103,2.91,0.4
201104,3.42,0.9
201105,3.43,0.52
201106,2.58,-0.35
201107,2.44,-0.34
201108,2.34,-0.28
201109,2.48,-0.01
201110,2.14,-0.02
201111,2.47,0.24
201112,2.26,-0.09
201201,2.09,-0.22
201202,1.85,-0.28
201203,2.87,0.36
201204,2.23,-0.29
201205,2.5,-0.41
201206,2.24,-0.69
201207,2.51,-0.27
201208,2.47,-0.15
201209,2.34,-0.15
201210,2.23,0.07
201211,1.32,-0.91
201212,2.88,0.53
201301,2.37,0.06
201302,2.02,-0.11
201303,1.72,-0.79
201304,2.9,0.38
201305,3.35,0.44
201306,3.34,0.41
201307,3.34,0.56
201308,2.56,-0.06
201309,2.98,0.49
201310,2.23,0.07
201311,2.04,-0.19
201312,2.21,-0.14
201401,1.37,-0.94
201402,2.25,0.12
201403,2.37,-0.14
201404,2.88,0.36
201405,2.81,-0.1
201406,3.67,0.74
201407,2.6,-0.18
201408,3.13,0.51
201409,2.64,0.15
201410,2.42,0.26
201411,2.13,-0.1
201412,2.58,0.23
201501,1.83,-0.48
201502,1.74,-0.39
201503,2.13,-0.38
201504,2.83,0.31
201505,4.44,1.53
201506,3.55,0.62
201507,3.23,0.45
201508,2.41,-0.21
201509,2.12,-0.37
201510,2.9,0.74
201511,3.35,1.12
201512,4.06,1.71
201601,2.04,-0.27
201602,1.93,-0.2
201603,2.92,0.41
201604,3,0.48
201605,3.07,0.16
201606,2.48,-0.45
201607,2.92,0.14
201608,3.47,0.85
201609,2.73,0.24
201610,2.39,0.23
201611,1.75,-0.48
201612,2.72,0.37
201701,3.24,0.93
201702,2.25,0.12
201703,2.59,0.08
201704,3.5,0.98
201705,3.36,0.45
201706,3.07,0.14
201707,2.8,0.02
201708,3.42,0.8
201709,2.27,-0.22
201710,2.6,0.44
201711,1.62,-0.61
201712,1.59,-0.76
201801,1.85,-0.46
201802,2.89,0.76
201803,2.48,-0.03
201804,2.46,-0.06
201805,3.02,0.11
201806,3.15,0.22
201807,2.86,0.08
201808,2.98,0.36
201809,3.57,1.08
201810,3.43,1.27
201811,2.71,0.48
201812,3.25,0.9
201901,2.56,0.25
201902,3.28,1.15
201903,2.24,-0.27
201904,3.21,0.69
201905,4.47,1.56
201906,3.37,0.44
201907,2.76,-0.02
201908,2.78,0.16
201909,2.45,-0.04
201910,3.19,1.03
201911,1.94,-0.29
201912,2.57,0.22
202001,2.76,0.45
202002,2.45,0.32
202003,2.86,0.35
202004,2.52,0
202005,3.09,0.18
202006,2.73,-0.2
202007,2.94,0.16
202008,2.42,-0.2
202009,2.44,-0.05
202010,2.18,0.02
202011,1.94,-0.29
202012,2.05,-0.3
202101,2.09,-0.22
202102,2.02,-0.11
202103,2.51,0
202104,2.06,-0.46
202105,2.98,0.07
202106,2.97,0.04
202107,3.41,0.63
202108,3.14,0.52
202109,2.39,-0.1
202110,3.15,0.99
202111,1.3,-0.93
202112,2.4,0.05
202201,1.64,-0.67
202202,1.76,-0.37
202203,2.28,-0.23
202204,2.6,0.08
202205,3.19,0.28
202206,2.36,-0.57
202207,2.78,0
202208,3.08,0.46
202209,1.85,-0.64
202210,1.68,-0.48
202211,2.44,0.21
202212,2.79,0.44
202301,2.94,0.63
202302,2.01,-0.12
202303,2.87,0.36
202304,2.42,-0.1
202305,2.59,-0.32
202306,2.87,-0.06
202307,2.74,-0.04
202308,2.78,0.16
202309,2.12,-0.37
202310,2.17,0.01
202311,1.39,-0.84
202312,2.59,0.24